{"cameraMode":{"drawMode":0,"name":"Shaded","section":"Shading Mode"},"sceneLighting":true,"audioPlay":true,"sceneViewState":{"showFog":true,"showMaterialUpdate":true,"showSkybox":true,"showFlares":true,"showImageEffects":true,"showParticleSystems":true},"in2DMode":false,"pivot":{"x":-1.0557582378387452,"y":2.225316047668457,"z":4.780097961425781},"rotation":{"x":0.09832403808832169,"y":0.08287794888019562,"z":-0.0084494948387146,"w":0.9920542240142822},"size":13.971107482910157,"orthographic":false}